Q-tables,States,Actions
"[0.0, 0.0, 0.0, 0.0, 0.0, 0.0, 0.0, 0.0]",0.0,0.0
"[0.0, 0.0, 0.0, 0.0, 1.0, 0.0, 0.0, 0.0]",-0.009,0.0
"[0.0, 0.0, 0.0, 1.0, 0.0, 0.0, 0.0, 0.0]",0.0,0.0
"[0.0, 0.0, 0.0, 1.0, 1.0, 0.0, 0.0, 0.0]",0.0,0.0
"[0.0, 0.0, 0.0, 1.0, 1.0, 0.0, 0.0, 1.0]",-0.010000000000000002,0.0
"[0.0, 0.0, 1.0, 0.0, 0.0, 0.0, 0.0, 0.0]",-0.001,0.0
"[0.0, 0.0, 1.0, 0.0, 2.0, 0.0, 0.0, 0.0]",-0.012000000000000002,0.0
"[0.0, 0.0, 2.0, 0.0, 0.0, 0.0, 0.0, 0.0]",0.019000000000000003,0.0
"[0.0, 0.0, 2.0, 0.0, 1.0, 0.0, 0.0, 0.0]",0.0205,0.0
"[0.0, 0.0, 2.0, 1.0, 1.0, 0.0, 0.0, 1.0]",-0.013000000000000001,0.0
"[0.0, 1.0, 0.0, 0.0, 2.0, 0.0, 0.0, 0.0]",-0.004,0.003
"[0.0, 1.0, 0.0, 0.0, 3.0, 0.0, 0.0, 1.0]",-0.018,0.0
"[0.0, 1.0, 0.0, 0.0, 5.0, 0.0, 0.0, 2.0]",-0.027000000000000003,0.0
"[0.0, 1.0, 0.0, 0.0, 9.0, 0.0, 0.0, 6.0]",-0.05699999999999999,0.0
"[0.0, 1.0, 0.0, 0.0, 9.0, 0.0, 0.0, 9.0]",-0.06499999999999999,0.0
"[0.0, 1.0, 0.0, 1.0, 0.0, 0.0, 0.0, 0.0]",-0.003,0.0
"[0.0, 1.0, 0.0, 1.0, 2.0, 0.0, 0.0, 1.0]",-0.009999999999999998,0.0
"[0.0, 1.0, 0.0, 1.0, 5.0, 0.0, 0.0, 2.0]",-0.020000000000000007,0.0
"[0.0, 1.0, 0.0, 1.0, 6.0, 0.0, 0.0, 4.0]",-0.03699999999999999,0.0
"[0.0, 1.0, 0.0, 1.0, 8.0, 0.0, 0.0, 5.0]",-0.042000000000000016,0.0
"[0.0, 1.0, 0.0, 2.0, 1.0, 0.0, 1.0, 0.0]",-0.02,0.0
"[0.0, 1.0, 0.0, 2.0, 2.0, 0.0, 0.0, 1.0]",-0.010000000000000002,0.0
"[0.0, 1.0, 0.0, 2.0, 9.0, 0.0, 0.0, 9.0]",-0.06500000000000004,0.0
"[0.0, 1.0, 0.0, 4.0, 4.0, 0.0, 4.0, 4.0]",-0.05,0.0
"[0.0, 1.0, 1.0, 0.0, 0.0, 0.0, 0.0, 0.0]",-0.010000000000000002,0.0003333333333333332
"[0.0, 1.0, 1.0, 1.0, 1.0, 0.0, 0.0, 0.0]",-0.014000000000000002,0.0
"[0.0, 1.0, 1.0, 3.0, 2.0, 0.0, 2.0, 1.0]",-0.029000000000000005,0.0
"[0.0, 1.0, 1.0, 3.0, 3.0, 0.0, 2.0, 2.0]",-0.034999999999999996,0.0
"[0.0, 1.0, 1.0, 5.0, 4.0, 0.0, 4.0, 4.0]",-0.05500000000000003,0.0
"[0.0, 1.0, 2.0, 0.0, 0.0, 0.0, 0.0, 0.0]",-0.01,0.0
"[0.0, 1.0, 2.0, 1.0, 0.0, 0.0, 0.0, 0.0]",-0.010000000000000002,0.012
"[0.0, 1.0, 2.0, 1.0, 2.0, 0.0, 0.0, 1.0]",-0.0165,0.0
"[0.0, 1.0, 2.0, 2.0, 2.0, 0.0, 1.0, 1.0]",-0.023000000000000003,0.0
"[0.0, 1.0, 2.0, 2.0, 2.0, 0.0, 1.0, 2.0]",-0.028000000000000004,0.0
"[0.0, 1.0, 2.0, 2.0, 3.0, 0.0, 1.0, 2.0]",-0.029999999999999995,0.0
"[0.0, 1.0, 2.0, 2.0, 3.0, 0.0, 2.0, 2.0]",-0.036,0.0
"[0.0, 1.0, 2.0, 2.0, 3.0, 0.0, 2.0, 3.0]",-0.04500000000000002,0.0
"[0.0, 1.0, 2.0, 3.0, 3.0, 0.0, 2.0, 2.0]",-0.034999999999999996,0.0
"[0.0, 1.0, 2.0, 4.0, 4.0, 0.0, 2.0, 3.0]",-0.0445,0.0
"[0.0, 1.0, 2.0, 4.0, 4.0, 0.0, 3.0, 3.0]",-0.041999999999999996,0.0
"[0.0, 1.0, 2.0, 4.0, 4.0, 0.0, 3.0, 4.0]",0.0,0.0
"[0.0, 1.0, 2.0, 4.0, 4.0, 0.0, 4.0, 3.0]",-0.049,0.0
"[0.0, 1.0, 2.0, 4.0, 4.0, 0.0, 4.0, 4.0]",-0.05,0.0
"[0.0, 1.0, 2.0, 4.0, 5.0, 0.0, 4.0, 4.0]",-0.054000000000000006,0.0
"[0.0, 1.0, 2.0, 5.0, 6.0, 0.0, 4.0, 4.0]",0.0,0.0
"[0.0, 1.0, 2.0, 6.0, 5.0, 0.0, 4.0, 4.0]",0.0,0.0
"[0.0, 1.0, 3.0, 2.0, 3.0, 0.0, 2.0, 2.0]",-0.043,0.0
"[0.0, 1.0, 3.0, 4.0, 4.0, 0.0, 3.0, 4.0]",-0.04899999999999998,0.0
"[1.0, 0.0, 0.0, 0.0, 2.0, 0.0, 0.0, 0.0]",-0.0011000000000000003,0.0
"[1.0, 0.0, 2.0, 0.0, 0.0, 0.0, 0.0, 0.0]",0.004,0.0
"[1.0, 0.0, 2.0, 0.0, 0.0, 1.0, 0.0, 0.0]",-0.008333333333333335,0.0
"[1.0, 1.0, 0.0, 0.0, 1.0, 0.0, 0.0, 0.0]",-0.002,0.0
"[1.0, 1.0, 2.0, 0.0, 0.0, 2.0, 0.0, 0.0]",-0.001999999999999999,0.0
"[1.0, 1.0, 2.0, 0.0, 1.0, 2.0, 0.0, 0.0]",0.0015,-0.0075
"[1.0, 1.0, 2.0, 0.0, 2.0, 2.0, 0.0, 0.0]",0.008000000000000002,0.0
